img_src,alt
https://i.ibb.co/v4ry73BL/bonefire.jpg,Tiki Village Bonfire Experience
https://i.ibb.co/tMGDhc7L/campingtents.jpg,Camping Tents at Tiki Village
https://i.ibb.co/TxD8mnzm/Screenshot-20251225-133040-Maps.jpg,Tiki Village Location Map
https://i.ibb.co/3mqDZgfL/tiki-tabletennis.jpg,Table Tennis Activity at Tiki Village
https://i.ibb.co/hJsKFTd8/tikibirthdayden.jpg,Birthday Celebration Area at Tiki Village
https://i.ibb.co/7x5bPCDh/tikibonfire.jpg,Night Bonfire at Tiki Village
https://i.ibb.co/yJxDp47/tikicarnival.jpg,Carnival Event at Tiki Village
https://i.ibb.co/YFKn8YkX/tikicats.jpg,Cats at Tiki Village
https://i.ibb.co/DD71XnPS/tikicats2.jpg,Cats Roaming at Tiki Village
https://i.ibb.co/Df5cqZb1/tikichitchathuts.jpg,Chit Chat Huts at Tiki Village
https://i.ibb.co/wh8NkD9D/tikifiredance.jpg,Fire Dance Performance at Tiki Village
https://i.ibb.co/yJKfxjZ/tikigames.jpg,Outdoor Games Area at Tiki Village
https://i.ibb.co/fdTTztRq/tikilakeview.jpg,Lake View from Tiki Village
https://i.ibb.co/VpzsY5jQ/tikimainentrance.jpg,Main Entrance of Tiki Village
https://i.ibb.co/ZRB3WBd4/tikinights.jpg,Tiki Village Night Ambience
https://i.ibb.co/d4xbB1HN/tikinights-dj-music.jpg,DJ Music Night at Tiki Village
https://i.ibb.co/4n8jQfJJ/tikirooms.jpg,Eco Rooms at Tiki Village
https://i.ibb.co/tpBF35wY/tikivillage.jpg,Tiki Village Eco Resort Overview
https://i.ibb.co/B5gB8sk5/tikivillage1.jpg,Tiki Village Resort View
https://i.ibb.co/5W2fhdh5/tikivillageecowoodsittingandbenches.jpg,Eco Wooden Seating at Tiki Village
https://i.ibb.co/8LvrZqVZ/tikivistorwithrabbit.jpg,Visitor with Rabbit at Tiki Village
https://i.ibb.co/rGxg8dHh/tikkiducks.jpg,Ducks at Tiki Village
https://i.ibb.co/1WCMRT7/visitors.jpg,Visitors Enjoying Tiki Village
https://i.ibb.co/rfHQX5GQ/visitorsimage.jpg,Guests Experience at Tiki Village
https://i.ibb.co/Q3D7cYv3/welcome-to-tiki.jpg,Welcome Board at Tiki Village
https://i.ibb.co/C3tQDdwT/paymentqr.jpg,paymentqr
https://res.cloudinary.com/dqoafctvv/image/upload/v1766549890/LOGO_n6tddb.png,TIKILOGO
https://i.ibb.co/B5gB8sk5/tikivillage1.jpg ,tikiwelcome
https://i.ibb.co/MxmcRWr7/Acrooms.jpg , ACRooms